{
  "job_id": "3d3db565-6c73-4df8-8824-284861dff509",
  "target": "ionq.simulator",
  "histogram": {
    "0": 0.2409999966621399,
    "1": 0.003000000026077032,
    "2": 0.3659999966621399,
    "3": 0.3659999966621399,
    "4": 0.024000000208616257
  }
}
